{
  "project_info": {
    "project_number": "574341296704",
    "firebase_url": "https://sportsfantasy-e48ba.firebaseio.com",
    "project_id": "sportsfantasy-e48ba",
    "storage_bucket": "sportsfantasy-e48ba.appspot.com"
  },
  "client": [
    {
      "client_info": {
        "mobilesdk_app_id": "1:574341296704:android:dfbd9502f6c14b7d",
        "android_client_info": {
          "package_name": "com.example.hi_pc.soccerapplication"
        }
      },
      "oauth_client": [
        {
          "client_id": "574341296704-u7sba5bbhdatv5r5emhpfma9k8o8k6kk.apps.googleusercontent.com",
          "client_type": 1,
          "android_info": {
            "package_name": "com.example.hi_pc.soccerapplication",
            "certificate_hash": "423045be6e32ee97bd2430719cb0382c01adfcc4"
          }
        },
        {
          "client_id": "574341296704-a21muahnbotq1c7bl3tlqdo7ogohsep3.apps.googleusercontent.com",
          "client_type": 3
        }
      ],
      "api_key": [
        {
          "current_key": "AIzaSyDTog243_orLcfUDimfkcjMhdB2XDdeRgM"
        }
      ],
      "services": {
        "analytics_service": {
          "status": 1
        },
        "appinvite_service": {
          "status": 2,
          "other_platform_oauth_client": [
            {
              "client_id": "574341296704-a21muahnbotq1c7bl3tlqdo7ogohsep3.apps.googleusercontent.com",
              "client_type": 3
            }
          ]
        },
        "ads_service": {
          "status": 2
        }
      }
    }
  ],
  "configuration_version": "1"
}